<document xmlns="http://maven.apache.org/changes/1.0.0" xmlns:xsi="http://www.w3.org/2001/XMLSchema-instance"
          xsi:schemaLocation="http://maven.apache.org/changes/1.0.0 http://maven.apache.org/xsd/changes-1.0.0.xsd">
    <properties>
        <title>Changes</title>
        <author email="roland.gisler@hslu.ch">Roland Gisler</author>
    </properties>
    <body>
        <release version="1.5.0" date="2018-02-07" description="Release für OOP und AD 18FS.">
            <action dev="zbgisler" type="add">
                Dependencies und Plugins aktualisiert.
            </action>
            <action dev="zbgisler" type="add">
                Checkstyle und PMD migriert (Konfig von PMD verändert).
            </action>
            <action dev="zbgisler" type="add">
                Neue Version 1.7 von Fluido-Skin.
            </action>
        </release>
        <release version="1.4.1" date="2017-10-10" description="Bugfix-Release für OOP 17HS.">
            <action dev="zbgisler" type="fix">
                Dependencies und Plugins aktualisiert.
            </action>
            <action dev="zbgisler" type="fix">
                Xlint-Optionen verbessert (Annotation-Warnings unterdrücken).
            </action>
        </release>
        <release version="1.4.0" date="2017-09-10" description="Release für OOP und AD 17HS.">
            <action dev="zbgisler" type="add">
                Dependencies aktualisiert und erweitert.
            </action>
        </release>
        <release version="1.3.0" date="2017-01-27" description="Release für OOP und AD 17FS.">
            <action dev="zbgisler" type="add">
                Dependencies aktualisiert und erweitert.
            </action>
        </release>
        <release version="1.2.0" date="2016-11-23" description="Release für interne Schulung.">
            <action dev="zbgisler" type="fix">
                Dependencies aktualisiert und erweitert für interne Schulung.
            </action>
        </release>
        <release version="1.1.0" date="2016-10-12" description="Release für OOP 16HS.">
            <action dev="zbgisler" type="add">
                Dependencies aktualisiert und erweitert.
            </action>
        </release>
        <release version="1.0.0" date="2016-10-06" description="Initialer Release.">
            <action dev="zbgisler" type="add">
                Erster Release.
            </action>
        </release>
    </body>
</document>
