<?xml version="1.0"?>
<!--
* Copyright 2018 Roland Gisler, HSLU Informatik, Switzerland
*
* Licensed under the Apache License, Version 2.0 (the "License");
* you may not use this file except in compliance with the License.
* You may obtain a copy of the License at
*
* http://www.apache.org/licenses/LICENSE-2.0
*
* Unless required by applicable law or agreed to in writing, software
* distributed under the License is distributed on an "AS IS" BASIS,
* WITHOUT WARRANTIES OR CONDITIONS OF ANY KIND, either express or implied.
* See the License for the specific language governing permissions and
* limitations under the License.
*/
-->
<ruleset name="Clone Implementation" xmlns="http://pmd.sourceforge.net/ruleset/2.0.0" xmlns:xsi="http://www.w3.org/2001/XMLSchema-instance"
    xsi:schemaLocation="http://pmd.sourceforge.net/ruleset/2.0.0 http://pmd.sourceforge.net/ruleset_2_0_0.xsd"
    xsi:noNamespaceSchemaLocation="http://pmd.sourceforge.net/ruleset_2_0_0.xsd">
    <description>PMD Ruleset fuer HSLU</description>
    <rule ref="category/java/bestpractices.xml/AvoidUsingHardCodedIP"/>
    <rule ref="category/java/bestpractices.xml/CheckResultSet"/>
    <rule ref="category/java/bestpractices.xml/UnusedImports"/>
    <rule ref="category/java/bestpractices.xml/UnusedFormalParameter"/>
    <rule ref="category/java/bestpractices.xml/UnusedLocalVariable"/>
    <rule ref="category/java/bestpractices.xml/UnusedPrivateField"/>
    <rule ref="category/java/bestpractices.xml/UnusedPrivateMethod"/>
    <rule ref="category/java/codestyle.xml/DontImportJavaLang"/>
    <rule ref="category/java/codestyle.xml/DuplicateImports"/>
    <rule ref="category/java/codestyle.xml/ExtendsObject"/>
    <rule ref="category/java/codestyle.xml/ForLoopShouldBeWhileLoop"/>
    <rule ref="category/java/codestyle.xml/TooManyStaticImports"/>
    <rule ref="category/java/codestyle.xml/UnnecessaryFullyQualifiedName"/>
    <rule ref="category/java/codestyle.xml/UnnecessaryModifier"/>
    <rule ref="category/java/codestyle.xml/UnnecessaryReturn"/>
    <rule ref="category/java/codestyle.xml/UselessParentheses"/>
    <rule ref="category/java/codestyle.xml/UselessQualifiedThis"/>
    <rule ref="category/java/design.xml/CollapsibleIfStatements"/>
    <rule ref="category/java/design.xml/SimplifiedTernary"/>
    <rule ref="category/java/design.xml/UselessOverridingMethod"/>
    <rule ref="category/java/errorprone.xml/AvoidBranchingStatementAsLastInLoop"/>
    <rule ref="category/java/errorprone.xml/AvoidDecimalLiteralsInBigDecimalConstructor"/>
    <rule ref="category/java/errorprone.xml/AvoidMultipleUnaryOperators"/>
    <rule ref="category/java/errorprone.xml/AvoidUsingOctalValues"/>
    <rule ref="category/java/errorprone.xml/BrokenNullCheck"/>
    <rule ref="category/java/errorprone.xml/CheckSkipResult"/>
    <rule ref="category/java/errorprone.xml/ClassCastExceptionWithToArray"/>
    <rule ref="category/java/errorprone.xml/DontUseFloatTypeForLoopIndices"/>
    <rule ref="category/java/errorprone.xml/EmptyCatchBlock"/>
    <rule ref="category/java/errorprone.xml/EmptyFinallyBlock"/>
    <rule ref="category/java/errorprone.xml/EmptyIfStmt"/>
    <rule ref="category/java/errorprone.xml/EmptyInitializer"/>
    <rule ref="category/java/errorprone.xml/EmptyStatementBlock"/>
    <rule ref="category/java/errorprone.xml/EmptyStatementNotInLoop"/>
    <rule ref="category/java/errorprone.xml/EmptySwitchStatements"/>
    <rule ref="category/java/errorprone.xml/EmptySynchronizedBlock"/>
    <rule ref="category/java/errorprone.xml/EmptyTryBlock"/>
    <rule ref="category/java/errorprone.xml/EmptyWhileStmt"/>
    <rule ref="category/java/errorprone.xml/ImportFromSamePackage"/>
    <rule ref="category/java/errorprone.xml/JumbledIncrementer"/>
    <rule ref="category/java/errorprone.xml/MisplacedNullCheck"/>
    <rule ref="category/java/errorprone.xml/OverrideBothEqualsAndHashcode"/>
    <rule ref="category/java/errorprone.xml/ReturnFromFinallyBlock"/>
    <rule ref="category/java/errorprone.xml/UnconditionalIfStatement"/>
    <rule ref="category/java/errorprone.xml/UnnecessaryConversionTemporary"/>
    <rule ref="category/java/errorprone.xml/UnusedNullCheckInEquals"/>
    <rule ref="category/java/errorprone.xml/UselessOperationOnImmutable"/>
    <rule ref="category/java/multithreading.xml/AvoidThreadGroup"/>
    <rule ref="category/java/multithreading.xml/DontCallThreadRun"/>
    <rule ref="category/java/multithreading.xml/DoubleCheckedLocking"/>
    <rule ref="category/java/performance.xml/BigIntegerInstantiation"/>
    <rule ref="category/java/performance.xml/BooleanInstantiation"/>

<!-- HINT: https://gitlab.enterpriselab.ch/oop/oop_maven_template/issues/8 -->
<!--
    TODO: Ruleset pre 6.0, migration
    <rule ref="/category/java/basic.xml" />
    <rule ref="/category/java/braces.xml" />
    <rule ref="/category/java/clone.xml" />
    <rule ref="/category/java/codesize.xml" />
    <rule ref="/category/java/coupling.xml">
        <exclude name="LawOfDemeter" />
        <exclude name="LoosePackageCoupling" />
    </rule>
    <rule ref="/category/java/design.xml">
        <exclude name="UseVarargs" />
    </rule>
    <rule ref="/category/java/finalizers.xml" />
    <rule ref="/category/java/imports.xml" />
    <rule ref="/category/java/naming.xml" />
    <rule ref="/category/java/optimizations.xml" />
    <rule ref="/category/java/strings.xml" />
    <rule ref="/category/java/typeresolution.xml" />
    <rule ref="/category/java/unusedcode.xml" />

    <rule ref="/category/java/naming.xml/LongVariable">
        <properties>
            <property name="minimum" value="30" />
        </properties>
    </rule>
-->
</ruleset>
